Accuracy,Precision,Recall,F1,AUC,Time
0.8760717291452664,0.7465802120462403,0.7361646227526911,0.736404047434087,0.736164622752691,218.31943719999998
