Accuracy,Precision,Recall,F1,AUC,Time
0.5734613606820178,0.6182530423848376,0.7283837190628601,0.5313505280993553,0.7283837190628601,9.911200399999998
