Accuracy,Precision,Recall,F1,AUC,Time
0.8675496688741722,0.7188725490196078,0.6635531135531135,0.6846282372598163,0.6635531135531135,0 days 00:04:10.540646
