Accuracy,Precision,Recall,F1,AUC,Time
0.896551724137931,0.7622641509433963,0.6946778711484594,0.7211538461538461,0.6946778711484594,0 days 00:03:11.047203
