Accuracy,Precision,Recall,F1,AUC,Time
0.9038461538461539,0.7142857142857143,0.7964912280701755,0.7458455522971652,0.7964912280701754,0 days 00:03:52.721413
