Accuracy,Precision,Recall,F1,AUC,Time
0.8432835820895522,0.7502937720329025,0.7275641025641025,0.7377690802348336,0.7275641025641025,0 days 00:02:51.881079
