Accuracy,Precision,Recall,F1,AUC,Time
0.8691275167785235,0.7871848739495799,0.7985367984276043,0.7926235212247739,0.7985367984276043,0 days 00:04:05.406845
