Accuracy,Precision,Recall,F1,AUC,Time
0.8795370192724613,0.7654064561824484,0.6946240629154719,0.7126504568215959,0.6946240629154719,212.0510666
